timestamp,num1,num2,operation,result
2026-09-24 16:31:16,10,5,add,15
2026-09-24 16:31:26,10,5,add,15
2026-09-24 16:32:11,1,2,add,3
2026-09-24 16:33:34,5,1,multiply,5
2026-09-24 16:33:39,5,5,square_root,2.23606797749979
2026-09-24 16:33:44,6,4,divide,1.5
2026-09-24 16:33:50,4,9,power,262144
2026-09-24 16:33:56,2,6,subtract,-4
2026-09-24 16:36:10,1,2,add,3
2026-09-24 16:36:33,5,2,multiply,10
2026-09-24 16:37:45,2,4,add,6
2026-09-24 16:43:53,1,5,add,6
2026-09-24 16:48:29,1,1,add,2
2026-09-24 16:49:01,851,0.0088,multiply,7.4888
2026-09-24 16:49:11,1,1,add,2
2026-09-24 16:54:14,1,6,add,7
2026-09-24 17:10:18,1,1,add,2
2026-09-24 17:11:07,15,5,multiply,75
2026-09-24 17:13:25,1,1,add,2
2026-09-24 17:13:39,2155,145,add,2300
2026-09-24 17:17:31,5555,555,add,6110
2026-09-24 17:20:50,3322,1,add,3323
2026-09-24 17:22:03,1,1,add,2
2026-09-24 17:24:24,1,1,add,2
2026-09-24 17:24:27,21,5,add,26
2026-09-24 17:24:30,26222,2,add,26224
2026-09-24 17:24:36,8,6,multiply,48
2026-09-24 17:25:26,1,1,add,2
2026-09-24 17:25:32,212,2,add,214
